INSERT INTO `banners` (`id`, `title`, `slug`, `photo`, `description`, `status`, `created_at`, `updated_at`) VALUES
(1, 'Lorem Ipsum is', 'lorem-ipsum-is', '/storage/photos/1/Banner/banner-01.jpg', '<h2><span style=\"font-weight: bold; color: rgb(99, 99, 99);\">Up to 10%</span></h2>', 'active', '2020-08-14 01:47:38', '2020-08-14 01:48:21'),
(2, 'Lorem Ipsum', 'lorem-ipsum', '/storage/photos/1/Banner/banner-07.jpg', '<p>Up to 90%</p>', 'active', '2020-08-14 01:50:23', '2020-08-14 01:50:23'),
(4, 'Banner', 'banner', '/storage/photos/1/Banner/banner-06.jpg', '<h2><span style=\"color: rgb(156, 0, 255); font-size: 2rem; font-weight: bold;\">Up to 40%</span><br></h2><h2><span style=\"color: rgb(156, 0, 255);\"></span></h2>', 'active', '2020-08-17 20:46:59', '2020-08-17 20:46:59');


INSERT INTO `brands` (`id`, `title`, `slug`, `status`, `created_at`, `updated_at`) VALUES
(1, 'Adidas', 'adidas', 'active', '2020-08-14 04:23:00', '2020-08-14 04:23:00'),
(2, 'Nike', 'nike', 'active', '2020-08-14 04:23:08', '2020-08-14 04:23:08'),
(3, 'Kappa', 'kappa', 'active', '2020-08-14 04:23:48', '2020-08-14 04:23:48'),
(4, 'Prada', 'prada', 'active', '2020-08-14 04:24:08', '2020-08-14 04:24:08'),
(6, 'Brand', 'brand', 'active', '2020-08-17 20:50:31', '2020-08-17 20:50:31');


INSERT INTO `carts` (`id`, `product_id`, `order_id`, `user_id`, `price`, `status`, `quantity`, `amount`, `created_at`, `updated_at`) VALUES
(1, 8, 1, 3, 200.00, 'new', 2, 400.00, '2020-08-14 07:15:45', '2020-08-14 07:20:45'),
(2, 7, 1, 3, 1939.03, 'new', 1, 1999.00, '2020-08-14 07:15:59', '2020-08-14 07:20:45'),
(3, 5, 1, 3, 3600.00, 'new', 3, 12000.00, '2020-08-14 07:16:12', '2020-08-14 07:20:45'),
(4, 7, 2, 2, 1939.03, 'new', 1, 1939.03, '2020-08-14 22:13:51', '2020-08-14 22:14:59'),
(5, 8, 3, 3, 200.00, 'new', 1, 200.00, '2020-08-15 06:39:59', '2020-08-15 06:41:00'),
(8, 9, 4, 3, 190.00, 'new', 2, 380.00, '2020-08-15 07:44:53', '2020-08-15 07:54:53'),
(9, 6, 4, 3, 5820.00, 'new', 4, 23280.00, '2020-08-15 07:45:29', '2020-08-15 07:54:53'),
(10, 10, NULL, 2, 270.00, 'new', 1, 270.00, '2020-08-17 21:07:33', '2020-08-17 21:17:03'),
(11, 9, NULL, 2, 190.00, 'new', 2, 380.00, '2020-08-17 21:08:35', '2020-08-17 21:17:03');


INSERT INTO `categories` (`id`, `title`, `slug`, `summary`, `photo`, `is_parent`, `parent_id`, `added_by`, `status`, `created_at`, `updated_at`) VALUES
(1, 'Men\'s Fashion', 'mens-fashion', NULL, '/storage/photos/1/Category/mini-banner1.jpg', 1, NULL, NULL, 'active', '2020-08-14 04:26:15', '2020-08-14 04:26:15'),
(2, 'Women\'s Fashion', 'womens-fashion', NULL, '/storage/photos/1/Category/mini-banner2.jpg', 1, NULL, NULL, 'active', '2020-08-14 04:26:40', '2020-08-14 04:26:40'),
(3, 'Kid\'s', 'kids', NULL, '/storage/photos/1/Category/mini-banner3.jpg', 1, NULL, NULL, 'active', '2020-08-14 04:27:10', '2020-08-14 04:27:42'),
(4, 'T-shirt\'s', 't-shirts', NULL, NULL, 0, 1, NULL, 'active', '2020-08-14 04:32:14', '2020-08-14 04:32:14'),
(5, 'Jeans pants', 'jeans-pants', NULL, NULL, 0, 1, NULL, 'active', '2020-08-14 04:32:49', '2020-08-14 04:32:49'),
(6, 'Sweater & Jackets', 'sweater-jackets', NULL, NULL, 0, 1, NULL, 'active', '2020-08-14 04:33:37', '2020-08-14 04:33:37'),
(7, 'Rain Coats & Trenches', 'rain-coats-trenches', NULL, NULL, 0, 1, NULL, 'active', '2020-08-14 04:34:04', '2020-08-14 04:34:04');


INSERT INTO `coupons` (`id`, `code`, `type`, `value`, `status`, `created_at`, `updated_at`) VALUES
(1, 'abc123', 'fixed', '300.00', 'active', NULL, NULL),
(2, '111111', 'percent', '10.00', 'active', NULL, NULL),
(5, 'abcd', 'fixed', '250.00', 'active', '2020-08-17 20:54:58', '2020-08-17 20:54:58');


CREATE TABLE `messages` (
  `id` bigint(20) UNSIGNED NOT NULL,
  `name` varchar(191) COLLATE utf8mb4_unicode_ci NOT NULL,
  `subject` text COLLATE utf8mb4_unicode_ci NOT NULL,
  `email` varchar(191) COLLATE utf8mb4_unicode_ci NOT NULL,
  `photo` varchar(191) COLLATE utf8mb4_unicode_ci DEFAULT NULL,
  `phone` varchar(191) COLLATE utf8mb4_unicode_ci DEFAULT NULL,
  `message` longtext COLLATE utf8mb4_unicode_ci NOT NULL,
  `read_at` timestamp NULL DEFAULT NULL,
  `created_at` timestamp NULL DEFAULT NULL,
  `updated_at` timestamp NULL DEFAULT NULL
) ENGINE=InnoDB DEFAULT CHARSET=utf8mb4 COLLATE=utf8mb4_unicode_ci;

INSERT INTO `migrations` (`id`, `migration`, `batch`) VALUES
(1, '2014_10_12_000000_create_users_table', 1),
(2, '2014_10_12_100000_create_password_resets_table', 1),
(3, '2019_08_19_000000_create_failed_jobs_table', 1),
(4, '2020_07_10_021010_create_brands_table', 1),
(5, '2020_07_10_025334_create_banners_table', 1),
(6, '2020_07_10_112147_create_categories_table', 1),
(7, '2020_07_11_063857_create_products_table', 1),
(8, '2020_07_12_073132_create_post_categories_table', 1),
(9, '2020_07_12_073701_create_post_tags_table', 1),
(10, '2020_07_12_083638_create_posts_table', 1),
(11, '2020_07_13_151329_create_messages_table', 1),
(12, '2020_07_14_023748_create_shippings_table', 1),
(13, '2020_07_15_054356_create_orders_table', 1),
(14, '2020_07_15_102626_create_carts_table', 1),
(15, '2020_07_16_041623_create_notifications_table', 1),
(16, '2020_07_16_053240_create_coupons_table', 1),
(17, '2020_07_23_143757_create_wishlists_table', 1),
(18, '2020_07_24_074930_create_product_reviews_table', 1),
(19, '2020_07_24_131727_create_post_comments_table', 1),
(20, '2020_08_01_143408_create_settings_table', 1);

INSERT INTO `notifications` (`id`, `type`, `notifiable_type`, `notifiable_id`, `data`, `read_at`, `created_at`, `updated_at`) VALUES
('2145a8e3-687d-444a-8873-b3b2fb77a342', 'App\\Notifications\\StatusNotification', 'App\\User', 1, '{\"title\":\"New Comment created\",\"actionURL\":\"http:\\/\\/e-shop.loc\\/blog-detail\\/where-can-i-get-some\",\"fas\":\"fas fa-comment\"}', NULL, '2020-08-15 07:31:21', '2020-08-15 07:31:21'),
('3af39f84-cab4-4152-9202-d448435c67de', 'App\\Notifications\\StatusNotification', 'App\\User', 1, '{\"title\":\"New order created\",\"actionURL\":\"http:\\/\\/localhost:8000\\/admin\\/order\\/4\",\"fas\":\"fa-file-alt\"}', NULL, '2020-08-15 07:54:52', '2020-08-15 07:54:52'),
('4a0afdb0-71ad-4ce6-bc70-c92ef491a525', 'App\\Notifications\\StatusNotification', 'App\\User', 1, '{\"title\":\"New Comment created\",\"actionURL\":\"http:\\/\\/localhost:8000\\/blog-detail\\/the-standard-lorem-ipsum-passage-used-since-the-1500s\",\"fas\":\"fas fa-comment\"}', NULL, '2020-08-17 21:13:51', '2020-08-17 21:13:51'),
('540ca3e9-0ff9-4e2e-9db3-6b5abc823422', 'App\\Notifications\\StatusNotification', 'App\\User', 1, '{\"title\":\"New Comment created\",\"actionURL\":\"http:\\/\\/e-shop.loc\\/blog-detail\\/where-can-i-get-some\",\"fas\":\"fas fa-comment\"}', '2020-08-15 07:30:44', '2020-08-14 07:12:28', '2020-08-15 07:30:44'),
('5da09dd1-3ffc-43b0-aba2-a4260ba4cc76', 'App\\Notifications\\StatusNotification', 'App\\User', 1, '{\"title\":\"New Comment created\",\"actionURL\":\"http:\\/\\/localhost:8000\\/blog-detail\\/the-standard-lorem-ipsum-passage\",\"fas\":\"fas fa-comment\"}', NULL, '2020-08-15 07:51:02', '2020-08-15 07:51:02'),
('5e91e603-024e-45c5-b22f-36931fef0d90', 'App\\Notifications\\StatusNotification', 'App\\User', 1, '{\"title\":\"New Product Rating!\",\"actionURL\":\"http:\\/\\/localhost:8000\\/product-detail\\/white-sports-casual-t\",\"fas\":\"fa-star\"}', NULL, '2020-08-15 07:44:07', '2020-08-15 07:44:07'),
('73a3b51a-416a-4e7d-8ca2-53b216d9ad8e', 'App\\Notifications\\StatusNotification', 'App\\User', 1, '{\"title\":\"New Comment created\",\"actionURL\":\"http:\\/\\/e-shop.loc\\/blog-detail\\/where-can-i-get-some\",\"fas\":\"fas fa-comment\"}', NULL, '2020-08-14 07:11:03', '2020-08-14 07:11:03'),
('8605db5d-1462-496e-8b5f-8b923d88912c', 'App\\Notifications\\StatusNotification', 'App\\User', 1, '{\"title\":\"New order created\",\"actionURL\":\"http:\\/\\/e-shop.loc\\/admin\\/order\\/1\",\"fas\":\"fa-file-alt\"}', NULL, '2020-08-14 07:20:44', '2020-08-14 07:20:44'),
('a6ec5643-748c-4128-92e2-9a9f293f53b5', 'App\\Notifications\\StatusNotification', 'App\\User', 1, '{\"title\":\"New order created\",\"actionURL\":\"http:\\/\\/localhost:8000\\/admin\\/order\\/5\",\"fas\":\"fa-file-alt\"}', NULL, '2020-08-17 21:17:03', '2020-08-17 21:17:03'),
('b186a883-42f2-4a05-8fc5-f0d3e10309ff', 'App\\Notifications\\StatusNotification', 'App\\User', 1, '{\"title\":\"New order created\",\"actionURL\":\"http:\\/\\/e-shop.loc\\/admin\\/order\\/2\",\"fas\":\"fa-file-alt\"}', '2020-08-15 04:17:24', '2020-08-14 22:14:55', '2020-08-15 04:17:24'),
('d2fd7c33-b0fe-47d6-8bc6-f377d404080d', 'App\\Notifications\\StatusNotification', 'App\\User', 1, '{\"title\":\"New Comment created\",\"actionURL\":\"http:\\/\\/e-shop.loc\\/blog-detail\\/where-can-i-get-some\",\"fas\":\"fas fa-comment\"}', NULL, '2020-08-14 07:08:50', '2020-08-14 07:08:50'),
('dff78b90-85c8-42ee-a5b1-de8ad0b21be4', 'App\\Notifications\\StatusNotification', 'App\\User', 1, '{\"title\":\"New order created\",\"actionURL\":\"http:\\/\\/e-shop.loc\\/admin\\/order\\/3\",\"fas\":\"fa-file-alt\"}', NULL, '2020-08-15 06:40:54', '2020-08-15 06:40:54'),
('e28b0a73-4819-4016-b915-0e525d4148f5', 'App\\Notifications\\StatusNotification', 'App\\User', 1, '{\"title\":\"New Product Rating!\",\"actionURL\":\"http:\\/\\/localhost:8000\\/product-detail\\/lorem-ipsum-is-simply\",\"fas\":\"fa-star\"}', NULL, '2020-08-17 21:08:16', '2020-08-17 21:08:16'),
('ffffa177-c54e-4dfe-ba43-27c466ff1f4b', 'App\\Notifications\\StatusNotification', 'App\\User', 1, '{\"title\":\"New Comment created\",\"actionURL\":\"http:\\/\\/localhost:8000\\/blog-detail\\/the-standard-lorem-ipsum-passage-used-since-the-1500s\",\"fas\":\"fas fa-comment\"}', NULL, '2020-08-17 21:13:29', '2020-08-17 21:13:29');


INSERT INTO `orders` (`id`, `order_number`, `user_id`, `sub_total`, `shipping_id`, `coupon`, `total_amount`, `quantity`, `payment_method`, `payment_status`, `status`, `first_name`, `last_name`, `email`, `phone`, `country`, `post_code`, `address1`, `address2`, `created_at`, `updated_at`) VALUES
(1, 'ORD-PMIQF5MYPK', 3, 14399.00, 1, 573.90, 13925.10, 6, 'cod', 'unpaid', 'delivered', 'Prajwal', 'Rai', 'prajwal.iar@gmail.com', '9800887778', 'NP', '44600', 'Koteshwor', 'Kathmandu', '2020-08-14 07:20:44', '2020-08-14 09:37:37'),
(2, 'ORD-YFF8BF0YBK', 2, 1939.03, 1, NULL, 2039.03, 1, 'cod', 'unpaid', 'delivered', 'Sandhya', 'Rai', 'user@gmail.com', '90000000990', 'NP', NULL, 'Lalitpur', NULL, '2020-08-14 22:14:49', '2020-08-14 22:15:19'),
(3, 'ORD-1CKWRWTTIK', 3, 200.00, 1, NULL, 300.00, 1, 'paypal', 'paid', 'process', 'Prajwal', 'Rai', 'prajwal.iar@gmail.com', '9807009999', 'NP', '44600', 'Kathmandu', 'Kadaghari', '2020-08-15 06:40:49', '2020-08-17 20:52:40'),
(4, 'ORD-HVO0KX0YHW', 3, 23660.00, 3, 150.00, 23910.00, 6, 'paypal', 'paid', 'new', 'Prajwal', 'Rai', 'prajwal.iar@gmail.com', '9800098878', 'NP', '44600', 'Pokhara', NULL, '2020-08-15 07:54:52', '2020-08-15 07:54:52');


INSERT INTO `posts` (`id`, `title`, `slug`, `summary`, `description`, `quote`, `photo`, `tags`, `post_cat_id`, `post_tag_id`, `added_by`, `status`, `created_at`, `updated_at`) VALUES
(1, 'Where does it come from?', 'where-does-it-come-from', '<p><span style=\"font-family: &quot;Open Sans&quot;, Arial, sans-serif; font-size: 14px; text-align: justify;\">Contrary to popular belief, Lorem Ipsum is not simply random text.&nbsp;</span><br></p>', '<h2 style=\"margin-right: 0px; margin-bottom: 10px; margin-left: 0px; padding: 0px; font-family: DauphinPlain; font-size: 24px; line-height: 24px;\">What is Lorem Ipsum?</h2><p style=\"margin-right: 0px; margin-bottom: 15px; margin-left: 0px; padding: 0px; text-align: justify; font-family: &quot;Open Sans&quot;, Arial, sans-serif; font-size: 14px;\"><strong style=\"margin: 0px; padding: 0px;\">Lorem Ipsum</strong>&nbsp;is simply dummy text of the printing and typesetting industry. Lorem Ipsum has been the industry\'s standard dummy text ever since the 1500s, when an unknown printer took a galley of type and scrambled it to make a type specimen book. It has survived not only five centuries, but also the leap into electronic typesetting, remaining essentially unchanged. It was popularised in the 1960s with the release of Letraset sheets containing Lorem Ipsum passages, and more recently with desktop publishing software like Aldus PageMaker including versions of Lorem Ipsum.</p><p style=\"margin-right: 0px; margin-bottom: 15px; margin-left: 0px; padding: 0px; text-align: justify; font-family: &quot;Open Sans&quot;, Arial, sans-serif; font-size: 14px;\"><strong style=\"margin: 0px; padding: 0px;\">Lorem Ipsum</strong>&nbsp;is simply dummy text of the printing and typesetting industry. Lorem Ipsum has been the industry\'s standard dummy text ever since the 1500s, when an unknown printer took a galley of type and scrambled it to make a type specimen book. It has survived not only five centuries, but also the leap into electronic typesetting, remaining essentially unchanged. It was popularised in the 1960s with the release of Letraset sheets containing Lorem Ipsum passages, and more recently with desktop publishing software like Aldus PageMaker including versions of Lorem Ipsum.</p>', '<p><span style=\"font-family: &quot;Open Sans&quot;, Arial, sans-serif; font-size: 14px; text-align: justify;\">The standard chunk of Lorem Ipsum used since the 1500s is reproduced below for those interested.</span><br></p>', '/storage/photos/1/Blog/blog1.jpg', '2020,Visit nepal 2020', 1, NULL, 2, 'active', '2020-08-14 01:55:55', '2020-08-14 04:29:56'),
(2, 'Where can I get some?', 'where-can-i-get-some', '<h2 style=\"margin-right: 0px; margin-bottom: 10px; margin-left: 0px; padding: 0px; font-family: DauphinPlain; font-size: 24px; line-height: 24px;\"><span style=\"font-family: &quot;Open Sans&quot;, Arial, sans-serif; font-size: 14px; text-align: justify;\">It is a long established fact that a reader</span><br></h2>', '<h2 style=\"margin-right: 0px; margin-bottom: 10px; margin-left: 0px; line-height: 24px; font-size: 24px; padding: 0px; font-family: DauphinPlain;\">Why do we use it?</h2><p style=\"margin-right: 0px; margin-bottom: 15px; margin-left: 0px; padding: 0px; text-align: justify; font-family: &quot;Open Sans&quot;, Arial, sans-serif; font-size: 14px;\">It is a long established fact that a reader will be distracted by the readable content of a page when looking at its layout. The point of using Lorem Ipsum is that it has a more-or-less normal distribution of letters, as opposed to using \'Content here, content here\', making it look like readable English. Many desktop publishing packages and web page editors now use Lorem Ipsum as their default model text, and a search for \'lorem ipsum\' will uncover many web sites still in their infancy. Various versions have evolved over the years, sometimes by accident, sometimes on purpose (injected humour and the like).</p><h2 style=\"margin-right: 0px; margin-bottom: 10px; margin-left: 0px; line-height: 24px; font-size: 24px; padding: 0px; font-family: DauphinPlain;\">Why do we use it?</h2><p style=\"margin-right: 0px; margin-bottom: 15px; margin-left: 0px; padding: 0px; text-align: justify; font-family: &quot;Open Sans&quot;, Arial, sans-serif; font-size: 14px;\">It is a long established fact that a reader will be distracted by the readable content of a page when looking at its layout. The point of using Lorem Ipsum is that it has a more-or-less normal distribution of letters, as opposed to using \'Content here, content here\', making it look like readable English. Many desktop publishing packages and web page editors now use Lorem Ipsum as their default model text, and a search for \'lorem ipsum\' will uncover many web sites still in their infancy. Various versions have evolved over the years, sometimes by accident, sometimes on purpose (injected humour and the like).</p>', NULL, '/storage/photos/1/Blog/blog2.jpg', 'Enjoy', 2, NULL, 1, 'active', '2020-08-14 01:58:52', '2020-08-14 07:08:14'),
(3, 'The standard Lorem Ipsum passage, used since the 1500s', 'the-standard-lorem-ipsum-passage-used-since-the-1500s', '<p><span style=\"font-family: &quot;Open Sans&quot;, Arial, sans-serif; font-size: 14px; text-align: justify;\">\"Lorem ipsum dolor sit amet, consectetur adipiscing elit,</span><br></p>', '<h3 style=\"margin: 15px 0px; padding: 0px; font-weight: 700; font-size: 14px; font-family: &quot;Open Sans&quot;, Arial, sans-serif;\">1914 translation by H. Rackham</h3><p style=\"margin-right: 0px; margin-bottom: 15px; margin-left: 0px; padding: 0px; text-align: justify; font-family: &quot;Open Sans&quot;, Arial, sans-serif; font-size: 14px;\">\"But I must explain to you how all this mistaken idea of denouncing pleasure and praising pain was born and I will give you a complete account of the system, and expound the actual teachings of the great explorer of the truth, the master-builder of human happiness. No one rejects, dislikes, or avoids pleasure itself, because it is pleasure, but because those who do not know how to pursue pleasure rationally encounter consequences that are extremely painful. Nor again is there anyone who loves or pursues or desires to obtain pain of itself, because it is pain, but because occasionally circumstances occur in which toil and pain can procure him some great pleasure. To take a trivial example, which of us ever undertakes laborious physical exercise, except to obtain some advantage from it? But who has any right to find fault with a man who chooses to enjoy a pleasure that has no annoying consequences, or one who avoids a pain that produces no resultant pleasure?\"</p><h3 style=\"margin: 15px 0px; padding: 0px; font-weight: 700; font-size: 14px; font-family: &quot;Open Sans&quot;, Arial, sans-serif;\">Section 1.10.33 of \"de Finibus Bonorum et Malorum\", written by Cicero in 45 BC</h3><p style=\"margin-right: 0px; margin-bottom: 15px; margin-left: 0px; padding: 0px; text-align: justify; font-family: &quot;Open Sans&quot;, Arial, sans-serif; font-size: 14px;\">\"At vero eos et accusamus et iusto odio dignissimos ducimus qui blanditiis praesentium voluptatum deleniti atque corrupti quos dolores et quas molestias excepturi sint occaecati cupiditate non provident, similique sunt in culpa qui officia deserunt mollitia animi, id est laborum et dolorum fuga. Et harum quidem rerum facilis est et expedita distinctio. Nam libero tempore, cum soluta nobis est eligendi optio cumque nihil impedit quo minus id quod maxime placeat facere possimus, omnis voluptas assumenda est, omnis dolor repellendus. Temporibus autem quibusdam et aut officiis debitis aut rerum necessitatibus saepe eveniet ut et voluptates repudiandae sint et molestiae non recusandae. Itaque earum rerum hic tenetur a sapiente delectus, ut aut reiciendis voluptatibus maiores alias consequatur aut perferendis doloribus asperiores repellat.\"</p><h3 style=\"margin: 15px 0px; padding: 0px; font-weight: 700; font-size: 14px; font-family: &quot;Open Sans&quot;, Arial, sans-serif;\">1914 translation by H. Rackham</h3><p style=\"margin-right: 0px; margin-bottom: 15px; margin-left: 0px; padding: 0px; text-align: justify; font-family: &quot;Open Sans&quot;, Arial, sans-serif; font-size: 14px;\">\"On the other hand, we denounce with righteous indignation and dislike men who are so beguiled and demoralized by the charms of pleasure of the moment, so blinded by desire, that they cannot foresee the pain and trouble that are bound to ensue; and equal blame belongs to those who fail in their duty through weakness of will, which is the same as saying through shrinking from toil and pain. These cases are perfectly simple and easy to distinguish. In a free hour, when our power of choice is untrammelled and when nothing prevents our being able to do what we like best, every pleasure is to be welcomed and every pain avoided. But in certain circumstances and owing to the claims of duty or the obligations of business it will frequently occur that pleasures have to be repudiated and annoyances accepted. The wise man therefore always holds in these matters to this principle of selection: he rejects pleasures to secure other greater pleasures, or else he endures pains to avoid worse pains.\"</p>', NULL, '/storage/photos/1/Blog/blog3.jpg', '', 3, NULL, 3, 'active', '2020-08-14 02:59:33', '2020-08-14 04:29:44'),
(5, 'The standard Lorem Ipsum passage,', 'the-standard-lorem-ipsum-passage', '<p><span style=\"font-family: &quot;Open Sans&quot;, Arial, sans-serif; font-size: 14px; text-align: justify;\">\"Lorem ipsum dolor sit amet, consectetur adipiscing elit, sed do eiusmod tempor incididunt ut labore et dolore magna aliqua. Ut enim ad minim veniam,</span><br></p>', '<h3 style=\"margin: 15px 0px; padding: 0px; font-weight: 700; font-size: 14px; font-family: &quot;Open Sans&quot;, Arial, sans-serif;\">The standard Lorem Ipsum passage, used since the 1500s</h3><p style=\"margin-right: 0px; margin-bottom: 15px; margin-left: 0px; padding: 0px; text-align: justify; font-family: &quot;Open Sans&quot;, Arial, sans-serif; font-size: 14px;\">\"Lorem ipsum dolor sit amet, consectetur adipiscing elit, sed do eiusmod tempor incididunt ut labore et dolore magna aliqua. Ut enim ad minim veniam, quis nostrud exercitation ullamco laboris nisi ut aliquip ex ea commodo consequat. Duis aute irure dolor in reprehenderit in voluptate velit esse cillum dolore eu fugiat nulla pariatur. Excepteur sint occaecat cupidatat non proident, sunt in culpa qui officia deserunt mollit anim id est laborum.\"</p><h3 style=\"margin: 15px 0px; padding: 0px; font-weight: 700; font-size: 14px; font-family: &quot;Open Sans&quot;, Arial, sans-serif;\">Section 1.10.32 of \"de Finibus Bonorum et Malorum\", written by Cicero in 45 BC</h3><p style=\"margin-right: 0px; margin-bottom: 15px; margin-left: 0px; padding: 0px; text-align: justify; font-family: &quot;Open Sans&quot;, Arial, sans-serif; font-size: 14px;\">\"Sed ut perspiciatis unde omnis iste natus error sit voluptatem accusantium doloremque laudantium, totam rem aperiam, eaque ipsa quae ab illo inventore veritatis et quasi architecto beatae vitae dicta sunt explicabo. Nemo enim ipsam voluptatem quia voluptas sit aspernatur aut odit aut fugit, sed quia consequuntur magni dolores eos qui ratione voluptatem sequi nesciunt. Neque porro quisquam est, qui dolorem ipsum quia dolor sit amet, consectetur, adipisci velit, sed quia non numquam eius modi tempora incidunt ut labore et dolore magnam aliquam quaerat voluptatem. Ut enim ad minima veniam, quis nostrum exercitationem ullam corporis suscipit laboriosam, nisi ut aliquid ex ea commodi consequatur? Quis autem vel eum iure reprehenderit qui in ea voluptate velit esse quam nihil molestiae consequatur, vel illum qui dolorem eum fugiat quo voluptas nulla pariatur?\"</p><h3 style=\"margin: 15px 0px; padding: 0px; font-weight: 700; font-size: 14px; font-family: &quot;Open Sans&quot;, Arial, sans-serif;\">1914 translation by H. Rackham</h3><p style=\"margin-right: 0px; margin-bottom: 15px; margin-left: 0px; padding: 0px; text-align: justify; font-family: &quot;Open Sans&quot;, Arial, sans-serif; font-size: 14px;\">\"But I must explain to you how all this mistaken idea of denouncing pleasure and praising pain was born and I will give you a complete account of the system, and expound the actual teachings of the great explorer of the truth, the master-builder of human happiness. No one rejects, dislikes, or avoids pleasure itself, because it is pleasure, but because those who do not know how to pursue pleasure rationally encounter consequences that are extremely painful. Nor again is there anyone who loves or pursues or desires to obtain pain of itself, because it is pain, but because occasionally circumstances occur in which toil and pain can procure him some great pleasure. To take a trivial example, which of us ever undertakes laborious physical exercise, except to obtain some advantage from it? But who has any right to find fault with a man who chooses to enjoy a pleasure that has no annoying consequences, or one who avoids a pain that produces no resultant pleasure?\"</p><h3 style=\"margin: 15px 0px; padding: 0px; font-weight: 700; font-size: 14px; font-family: &quot;Open Sans&quot;, Arial, sans-serif;\">Section 1.10.33 of \"de Finibus Bonorum et Malorum\", written by Cicero in 45 BC</h3><p style=\"margin-right: 0px; margin-bottom: 15px; margin-left: 0px; padding: 0px; text-align: justify; font-family: &quot;Open Sans&quot;, Arial, sans-serif; font-size: 14px;\">\"At vero eos et accusamus et iusto odio dignissimos ducimus qui blanditiis praesentium voluptatum deleniti atque corrupti quos dolores et quas molestias excepturi sint occaecati cupiditate non provident, similique sunt in culpa qui officia deserunt mollitia animi, id est laborum et dolorum fuga. Et harum quidem rerum facilis est et expedita distinctio. Nam libero tempore, cum soluta nobis est eligendi optio cumque nihil impedit quo minus id quod maxime placeat facere possimus, omnis voluptas assumenda est, omnis dolor repellendus. Temporibus autem quibusdam et aut officiis debitis aut rerum necessitatibus saepe eveniet ut et voluptates repudiandae sint et molestiae non recusandae. Itaque earum rerum hic tenetur a sapiente delectus, ut aut reiciendis voluptatibus maiores alias consequatur aut perferendis doloribus asperiores repellat.\"</p><h3 style=\"margin: 15px 0px; padding: 0px; font-weight: 700; font-size: 14px; font-family: &quot;Open Sans&quot;, Arial, sans-serif;\">1914 translation by H. Rackham</h3><p style=\"margin-right: 0px; margin-bottom: 15px; margin-left: 0px; padding: 0px; text-align: justify; font-family: &quot;Open Sans&quot;, Arial, sans-serif; font-size: 14px;\">\"On the other hand, we denounce with righteous indignation and dislike men who are so beguiled and demoralized by the charms of pleasure of the moment, so blinded by desire, that they cannot foresee the pain and trouble that are bound to ensue; and equal blame belongs to those who fail in their duty through weakness of will, which is the same as saying through shrinking from toil and pain. These cases are perfectly simple and easy to distinguish. In a free hour, when our power of choice is untrammelled and when nothing prevents our being able to do what we like best, every pleasure is to be welcomed and every pain avoided. But in certain circumstances and owing to the claims of duty or the obligations of business it will frequently occur that pleasures have to be repudiated and annoyances accepted. The wise man therefore always holds in these matters to this principle of selection: he rejects pleasures to secure other greater pleasures, or else he endures pains to avoid worse pains.\"</p>', '<p><span style=\"font-family: &quot;Open Sans&quot;, Arial, sans-serif; font-size: 14px; text-align: justify;\">\"Lorem ipsum dolor sit amet, consectetur adipiscing elit, sed do eiusmod tempor incididunt ut labore et dolore magna aliqua. Ut enim ad minim veniam,</span><br></p>', '/storage/photos/1/Blog/blog2.jpg', ',Enjoy,2020,Visit nepal 2020', 1, NULL, 1, 'active', '2020-08-15 06:58:45', '2020-08-15 06:58:45'),
(6, 'Lorem Ipsum is simply', 'lorem-ipsum-is-simply', '<p><strong style=\"margin: 0px; padding: 0px; font-family: &quot;Open Sans&quot;, Arial, sans-serif; font-size: 14px; text-align: justify;\">Lorem Ipsum</strong><span style=\"font-family: &quot;Open Sans&quot;, Arial, sans-serif; font-size: 14px; text-align: justify;\">&nbsp;is simply dummy text of the printing and typesetting industry.</span><br></p>', '<h2 style=\"margin-right: 0px; margin-bottom: 10px; margin-left: 0px; padding: 0px; font-family: DauphinPlain; font-size: 24px; line-height: 24px;\">What is Lorem Ipsum?</h2><p style=\"margin-right: 0px; margin-bottom: 15px; margin-left: 0px; padding: 0px; text-align: justify; font-family: &quot;Open Sans&quot;, Arial, sans-serif; font-size: 14px;\"><strong style=\"margin: 0px; padding: 0px;\">Lorem Ipsum</strong>&nbsp;is simply dummy text of the printing and typesetting industry. Lorem Ipsum has been the industry\'s standard dummy text ever since the 1500s, when an unknown printer took a galley of type and scrambled it to make a type specimen book. It has survived not only five centuries, but also the leap into electronic typesetting, remaining essentially unchanged. It was popularised in the 1960s with the release of Letraset sheets containing Lorem Ipsum passages, and</p><h2 style=\"margin-right: 0px; margin-bottom: 10px; margin-left: 0px; padding: 0px; font-family: DauphinPlain; font-size: 24px; line-height: 24px;\">What is Lorem Ipsum?</h2><p style=\"margin-right: 0px; margin-bottom: 15px; margin-left: 0px; padding: 0px; text-align: justify; font-family: &quot;Open Sans&quot;, Arial, sans-serif; font-size: 14px;\"><strong style=\"margin: 0px; padding: 0px;\">Lorem Ipsum</strong>&nbsp;is simply dummy text of the printing and typesetting industry. Lorem Ipsum has been the industry\'s standard dummy text ever since the 1500s, when an unknown printer took a galley of type and scrambled it to make a type specimen book. It has survived not only five centuries, but also the leap into electronic typesetting, remaining essentially unchanged. It was popularised in the 1960s with the release of Letraset sheets containing Lorem Ipsum passages, and</p><h2 style=\"margin-right: 0px; margin-bottom: 10px; margin-left: 0px; padding: 0px; font-family: DauphinPlain; font-size: 24px; line-height: 24px;\">What is Lorem Ipsum?</h2><p style=\"margin-right: 0px; margin-bottom: 15px; margin-left: 0px; padding: 0px; text-align: justify; font-family: &quot;Open Sans&quot;, Arial, sans-serif; font-size: 14px;\"><strong style=\"margin: 0px; padding: 0px;\">Lorem Ipsum</strong>&nbsp;is simply dummy text of the printing and typesetting industry. Lorem Ipsum has been the industry\'s standard dummy text ever since the 1500s, when an unknown printer took a galley of type and scrambled it to make a type specimen book. It has survived not only five centuries, but also the leap into electronic typesetting, remaining essentially unchanged. It was popularised in the 1960s with the release of Letraset sheets containing Lorem Ipsum passages, and</p><hr><h2 style=\"margin-right: 0px; margin-bottom: 10px; margin-left: 0px; padding: 0px; font-family: DauphinPlain; font-size: 24px; line-height: 24px;\">What is Lorem Ipsum?</h2><p style=\"margin-right: 0px; margin-bottom: 15px; margin-left: 0px; padding: 0px; text-align: justify; font-family: &quot;Open Sans&quot;, Arial, sans-serif; font-size: 14px;\"><strong style=\"margin: 0px; padding: 0px;\">Lorem Ipsum</strong>&nbsp;is simply dummy text of the printing and typesetting industry. Lorem Ipsum has been the industry\'s standard dummy text ever since the 1500s, when an unknown printer took a galley of type and scrambled it to make a type specimen book. It has survived not only five centuries, but also the leap into electronic typesetting, remaining essentially unchanged. It was popularised in the 1960s with the release of Letraset sheets containing Lorem Ipsum passages, and</p><h2 style=\"margin-right: 0px; margin-bottom: 10px; margin-left: 0px; padding: 0px; font-family: DauphinPlain; font-size: 24px; line-height: 24px;\">What is Lorem Ipsum?</h2><p style=\"margin-right: 0px; margin-bottom: 15px; margin-left: 0px; padding: 0px; text-align: justify; font-family: &quot;Open Sans&quot;, Arial, sans-serif; font-size: 14px;\"><strong style=\"margin: 0px; padding: 0px;\">Lorem Ipsum</strong>&nbsp;is simply dummy text of the printing and typesetting industry. Lorem Ipsum has been the industry\'s standard dummy text ever since the 1500s, when an unknown printer took a galley of type and scrambled it to make a type specimen book. It has survived not only five centuries, but also the leap into electronic typesetting, remaining essentially unchanged. It was popularised in the 1960s with the release of Letraset sheets containing Lorem Ipsum passages, and</p>', NULL, '/storage/photos/1/Blog/blog3.jpg', 'Enjoy,2020', 2, NULL, 1, 'active', '2020-08-17 20:54:19', '2020-08-17 20:54:19');


INSERT INTO `post_categories` (`id`, `title`, `slug`, `status`, `created_at`, `updated_at`) VALUES
(1, 'Travel', 'contrary', 'active', '2020-08-14 01:51:03', '2020-08-14 01:51:39'),
(2, 'Electronics', 'richard', 'active', '2020-08-14 01:51:22', '2020-08-14 01:52:00'),
(3, 'Cloths', 'cloths', 'active', '2020-08-14 01:52:22', '2020-08-14 01:52:22'),
(4, 'enjoy', 'enjoy', 'active', '2020-08-14 03:16:10', '2020-08-14 03:16:10'),
(5, 'Post Category', 'post-category', 'active', '2020-08-15 06:59:04', '2020-08-15 06:59:04');


INSERT INTO `post_comments` (`id`, `user_id`, `post_id`, `comment`, `status`, `replied_comment`, `parent_id`, `created_at`, `updated_at`) VALUES
(1, 1, 2, 'Testing comment edited', 'active', NULL, NULL, '2020-08-14 07:08:42', '2020-08-15 06:59:58'),
(2, 3, 2, 'testing 2', 'active', NULL, 1, '2020-08-14 07:11:03', '2020-08-14 07:11:03'),
(3, 2, 2, 'That\'s cool', 'active', NULL, 2, '2020-08-14 07:12:27', '2020-08-14 07:12:27'),
(4, 1, 2, 'nice', 'active', NULL, NULL, '2020-08-15 07:31:19', '2020-08-15 07:31:19'),
(5, 3, 5, 'nice blog', 'active', NULL, NULL, '2020-08-15 07:51:01', '2020-08-15 07:51:01'),
(6, 2, 3, 'nice', 'active', NULL, NULL, '2020-08-17 21:13:29', '2020-08-17 21:13:29'),
(7, 2, 3, 'really', 'active', NULL, 6, '2020-08-17 21:13:51', '2020-08-17 21:13:51');


INSERT INTO `post_tags` (`id`, `title`, `slug`, `status`, `created_at`, `updated_at`) VALUES
(1, 'Enjoy', 'enjoy', 'active', '2020-08-14 01:53:52', '2020-08-14 01:53:52'),
(2, '2020', '2020', 'active', '2020-08-14 01:54:09', '2020-08-14 01:54:09'),
(3, 'Visit nepal 2020', 'visit-nepal-2020', 'active', '2020-08-14 01:54:33', '2020-08-14 01:54:33'),
(4, 'Tag', 'tag', 'active', '2020-08-15 06:59:31', '2020-08-15 06:59:31');


INSERT INTO `products` (`id`, `title`, `slug`, `summary`, `description`, `photo`, `stock`, `size`, `condition`, `status`, `price`, `discount`, `is_featured`, `cat_id`, `child_cat_id`, `brand_id`, `created_at`, `updated_at`) VALUES
(1, 'Melange Casual Black', 'melange-casual-black', '<p><span style=\"font-family: &quot;Open Sans&quot;, Arial, sans-serif; font-size: 14px; text-align: justify;\">\"Lorem ipsum dolor sit amet, consectetur adipiscing elit, sed do eiusmod tempor incididunt ut labore et dolore magna aliqua.</span><br></p>', '<h3 style=\"margin: 15px 0px; padding: 0px; font-weight: 700; font-size: 14px; font-family: &quot;Open Sans&quot;, Arial, sans-serif;\">The standard Lorem Ipsum passage, used since the 1500s</h3><p style=\"margin-right: 0px; margin-bottom: 15px; margin-left: 0px; padding: 0px; text-align: justify; font-family: &quot;Open Sans&quot;, Arial, sans-serif; font-size: 14px;\">\"Lorem ipsum dolor sit amet, consectetur adipiscing elit, sed do eiusmod tempor incididunt ut labore et dolore magna aliqua. Ut enim ad minim veniam, quis nostrud exercitation ullamco laboris nisi ut aliquip ex ea commodo consequat. Duis aute irure dolor in reprehenderit in voluptate velit esse cillum dolore eu fugiat nulla pariatur. Excepteur sint occaecat cupidatat non proident, sunt in culpa qui officia deserunt mollit anim id est laborum.\"</p><h3 style=\"margin: 15px 0px; padding: 0px; font-weight: 700; font-size: 14px; font-family: &quot;Open Sans&quot;, Arial, sans-serif;\">Section 1.10.32 of \"de Finibus Bonorum et Malorum\", written by Cicero in 45 BC</h3><p style=\"margin-right: 0px; margin-bottom: 15px; margin-left: 0px; padding: 0px; text-align: justify; font-family: &quot;Open Sans&quot;, Arial, sans-serif; font-size: 14px;\">\"Sed ut perspiciatis unde omnis iste natus error sit voluptatem accusantium doloremque laudantium, totam rem aperiam, eaque ipsa quae ab illo inventore veritatis et quasi architecto beatae vitae dicta sunt explicabo. Nemo enim ipsam voluptatem quia voluptas sit aspernatur aut odit aut fugit, sed quia consequuntur magni dolores eos qui ratione voluptatem sequi nesciunt. Neque porro quisquam est, qui dolorem ipsum quia dolor sit amet, consectetur, adipisci velit, sed quia non numquam eius modi tempora incidunt ut labore et dolore magnam aliquam quaerat voluptatem. Ut enim ad minima veniam, quis nostrum exercitationem ullam corporis suscipit laboriosam, nisi ut aliquid ex ea commodi consequatur? Quis autem vel eum iure reprehenderit qui in ea voluptate velit esse quam nihil molestiae consequatur, vel illum qui dolorem eum fugiat quo voluptas nulla pariatur?\"</p><h3 style=\"margin: 15px 0px; padding: 0px; font-weight: 700; font-size: 14px; font-family: &quot;Open Sans&quot;, Arial, sans-serif;\">1914 translation by H. Rackham</h3><p style=\"margin-right: 0px; margin-bottom: 15px; margin-left: 0px; padding: 0px; text-align: justify; font-family: &quot;Open Sans&quot;, Arial, sans-serif; font-size: 14px;\">\"But I must explain to you how all this mistaken idea of denouncing pleasure and praising pain was born and I will give you a complete account of the system, and expound the actual teachings of the great explorer of the truth, the master-builder of human happiness. No one rejects, dislikes, or avoids pleasure itself, because it is pleasure, but because those who do not know how to pursue pleasure rationally encounter consequences that are extremely painful. Nor again is there anyone who loves or pursues or desires to obtain pain of itself, because it is pain, but because occasionally circumstances occur in which toil and pain can procure him some great pleasure. To take a trivial example, which of us ever undertakes laborious physical exercise, except to obtain some advantage from it? But who has any right to find fault with a man who chooses to enjoy a pleasure that has no annoying consequences, or one who avoids a pain that produces no resultant pleasure?\"</p>', '/storage/photos/1/Products/405b7-pmtk004t.jpg,/storage/photos/1/Products/43f35-2_2.jpg', 5, 'S,M,XL', 'new', 'active', 600.00, 10.00, 1, 1, 4, 4, '2020-08-14 04:38:26', '2020-08-14 04:42:46'),
(2, 'White Sports Casual T-', 'white-sports-casual-t', '<p><span style=\"font-family: &quot;Open Sans&quot;, Arial, sans-serif; font-size: 14px; text-align: justify;\">But I must explain to you how all this mistaken idea of denouncing pleasure and praising pain was born and</span><br></p>', '<h3 style=\"margin: 15px 0px; padding: 0px; font-weight: 700; font-size: 14px; font-family: &quot;Open Sans&quot;, Arial, sans-serif;\">The standard Lorem Ipsum passage, used since the 1500s</h3><p style=\"margin-right: 0px; margin-bottom: 15px; margin-left: 0px; padding: 0px; text-align: justify; font-family: &quot;Open Sans&quot;, Arial, sans-serif; font-size: 14px;\">\"Lorem ipsum dolor sit amet, consectetur adipiscing elit, sed do eiusmod tempor incididunt ut labore et dolore magna aliqua. Ut enim ad minim veniam, quis nostrud exercitation ullamco laboris nisi ut aliquip ex ea commodo consequat. Duis aute irure dolor in reprehenderit in voluptate velit esse cillum dolore eu fugiat nulla pariatur. Excepteur sint occaecat cupidatat non proident, sunt in culpa qui officia deserunt mollit anim id est laborum.\"</p><h3 style=\"margin: 15px 0px; padding: 0px; font-weight: 700; font-size: 14px; font-family: &quot;Open Sans&quot;, Arial, sans-serif;\">Section 1.10.32 of \"de Finibus Bonorum et Malorum\", written by Cicero in 45 BC</h3><p style=\"margin-right: 0px; margin-bottom: 15px; margin-left: 0px; padding: 0px; text-align: justify; font-family: &quot;Open Sans&quot;, Arial, sans-serif; font-size: 14px;\">\"Sed ut perspiciatis unde omnis iste natus error sit voluptatem accusantium doloremque laudantium, totam rem aperiam, eaque ipsa quae ab illo inventore veritatis et quasi architecto beatae vitae dicta sunt explicabo. Nemo enim ipsam voluptatem quia voluptas sit aspernatur aut odit aut fugit, sed quia consequuntur magni dolores eos qui ratione voluptatem sequi nesciunt. Neque porro quisquam est, qui dolorem ipsum quia dolor sit amet, consectetur, adipisci velit, sed quia non numquam eius modi tempora incidunt ut labore et dolore magnam aliquam quaerat voluptatem. Ut enim ad minima veniam, quis nostrum exercitationem ullam corporis suscipit laboriosam, nisi ut aliquid ex ea commodi consequatur? Quis autem vel eum iure reprehenderit qui in ea voluptate velit esse quam nihil molestiae consequatur, vel illum qui dolorem eum fugiat quo voluptas nulla pariatur?\"</p><h3 style=\"margin: 15px 0px; padding: 0px; font-weight: 700; font-size: 14px; font-family: &quot;Open Sans&quot;, Arial, sans-serif;\">1914 translation by H. Rackham</h3><p style=\"margin-right: 0px; margin-bottom: 15px; margin-left: 0px; padding: 0px; text-align: justify; font-family: &quot;Open Sans&quot;, Arial, sans-serif; font-size: 14px;\">\"But I must explain to you how all this mistaken idea of denouncing pleasure and praising pain was born and I will give you a complete account of the system, and expound the actual teachings of the great explorer of the truth, the master-builder of human happiness. No one rejects, dislikes, or avoids pleasure itself, because it is pleasure, but because those who do not know how to pursue pleasure rationally encounter consequences that are extremely painful. Nor again is there anyone who loves or pursues or desires to obtain pain of itself, because it is pain, but because occasionally circumstances occur in which toil and pain can procure him some great pleasure. To take a trivial example, which of us ever undertakes laborious physical exercise, except to obtain some advantage from it? But who has any right to find fault with a man who chooses to enjoy a pleasure that has no annoying consequences, or one who avoids a pain that produces no resultant pleasure?\"</p>', '/storage/photos/1/Products/1d60f-2.jpg', 3, 'XL', 'hot', 'active', 400.00, 4.00, 1, 1, 4, 2, '2020-08-14 04:40:21', '2020-08-14 06:26:01'),
(3, 'Summer Round Neck T', 'summer-round-neck-t', '<p><span style=\"font-family: &quot;Open Sans&quot;, Arial, sans-serif; font-size: 14px; text-align: justify;\">\"Sed ut perspiciatis unde omnis iste natus error sit voluptatem accusantium doloremque laudantium, totam rem aperiam, eaque ipsa quae ab illo inventore</span><br></p>', '<h3 style=\"margin: 15px 0px; padding: 0px; font-weight: 700; font-size: 14px; font-family: &quot;Open Sans&quot;, Arial, sans-serif;\">Section 1.10.32 of \"de Finibus Bonorum et Malorum\", written by Cicero in 45 BC</h3><p style=\"margin-right: 0px; margin-bottom: 15px; margin-left: 0px; padding: 0px; text-align: justify; font-family: &quot;Open Sans&quot;, Arial, sans-serif; font-size: 14px;\">\"Sed ut perspiciatis unde omnis iste natus error sit voluptatem accusantium doloremque laudantium, totam rem aperiam, eaque ipsa quae ab illo inventore veritatis et quasi architecto beatae vitae dicta sunt explicabo. Nemo enim ipsam voluptatem quia voluptas sit aspernatur aut odit aut fugit, sed quia consequuntur magni dolores eos qui ratione voluptatem sequi nesciunt. Neque porro quisquam est, qui dolorem ipsum quia dolor sit amet, consectetur, adipisci velit, sed quia non numquam eius modi tempora incidunt ut labore et dolore magnam aliquam quaerat voluptatem. Ut enim ad minima veniam, quis nostrum exercitationem ullam corporis suscipit laboriosam, nisi ut aliquid ex ea commodi consequatur? Quis autem vel eum iure reprehenderit qui in ea voluptate velit esse quam nihil molestiae consequatur, vel illum qui dolorem eum fugiat quo voluptas nulla pariatur?\"</p><h3 style=\"margin: 15px 0px; padding: 0px; font-weight: 700; font-size: 14px; font-family: &quot;Open Sans&quot;, Arial, sans-serif;\">1914 translation by H. Rackham</h3><p style=\"margin-right: 0px; margin-bottom: 15px; margin-left: 0px; padding: 0px; text-align: justify; font-family: &quot;Open Sans&quot;, Arial, sans-serif; font-size: 14px;\">\"But I must explain to you how all this mistaken idea of denouncing pleasure and praising pain was born and I will give you a complete account of the system, and expound the actual teachings of the great explorer of the truth, the master-builder of human happiness. No one rejects, dislikes, or avoids pleasure itself, because it is pleasure, but because those who do not know how to pursue pleasure rationally encounter consequences that are extremely painful. Nor again is there anyone who loves or pursues or desires to obtain pain of itself, because it is pain, but because occasionally circumstances occur in which toil and pain can procure him some great pleasure. To take a trivial example, which of us ever undertakes laborious physical exercise, except to obtain some advantage from it? But who has any right to find fault with a man who chooses to enjoy a pleasure that has no annoying consequences, or one who avoids a pain that produces no resultant pleasure?\"</p><h3 style=\"margin: 15px 0px; padding: 0px; font-weight: 700; font-size: 14px; font-family: &quot;Open Sans&quot;, Arial, sans-serif;\">Section 1.10.33 of \"de Finibus Bonorum et Malorum\", written by Cicero in 45 BC</h3><p style=\"margin-right: 0px; margin-bottom: 15px; margin-left: 0px; padding: 0px; text-align: justify; font-family: &quot;Open Sans&quot;, Arial, sans-serif; font-size: 14px;\">\"At vero eos et accusamus et iusto odio dignissimos ducimus qui blanditiis praesentium voluptatum deleniti atque corrupti quos dolores et quas molestias excepturi sint occaecati cupiditate non provident, similique sunt in culpa qui officia deserunt mollitia animi, id est laborum et dolorum fuga. Et harum quidem rerum facilis est et expedita distinctio. Nam libero tempore, cum soluta nobis est eligendi optio cumque nihil impedit quo minus id quod maxime placeat facere possimus, omnis voluptas assumenda est, omnis dolor repellendus. Temporibus autem quibusdam et aut officiis debitis aut rerum necessitatibus saepe eveniet ut et voluptates repudiandae sint et molestiae non recusandae. Itaque earum rerum hic tenetur a sapiente delectus, ut aut reiciendis voluptatibus maiores alias consequatur aut perferendis doloribus asperiores repellat.\"</p><h3 style=\"margin: 15px 0px; padding: 0px; font-weight: 700; font-size: 14px; font-family: &quot;Open Sans&quot;, Arial, sans-serif;\">1914 translation by H. Rackham</h3>', '/storage/photos/1/Products/02090-pms003a.jpg,/storage/photos/1/Products/01f42-pwt004b.jpg,/storage/photos/1/Products/01bc5-mpd006b.jpg,/storage/photos/1/Products/0122b-wsd000t.jpg', 6, 'S,M', 'hot', 'active', 3000.00, 5.00, 0, 2, NULL, 2, '2020-08-14 05:57:48', '2020-08-14 05:57:48'),
(4, 'Melange Ethnic Kurthi', 'melange-ethnic-kurthi', '<p><span style=\"font-family: &quot;Open Sans&quot;, Arial, sans-serif; font-size: 14px; text-align: justify;\">At vero eos et accusamus et iusto odio dignissimos ducimus qui blanditiis praesentium voluptatum deleniti atque corrupti quos dolores et quas molestias excepturi sint occaecati cupiditate non provident,</span><br></p>', '<h3 style=\"margin: 15px 0px; padding: 0px; font-weight: 700; font-size: 14px; font-family: &quot;Open Sans&quot;, Arial, sans-serif;\">Section 1.10.32 of \"de Finibus Bonorum et Malorum\", written by Cicero in 45 BC</h3><p style=\"margin-right: 0px; margin-bottom: 15px; margin-left: 0px; padding: 0px; text-align: justify; font-family: &quot;Open Sans&quot;, Arial, sans-serif; font-size: 14px;\">\"Sed ut perspiciatis unde omnis iste natus error sit voluptatem accusantium doloremque laudantium, totam rem aperiam, eaque ipsa quae ab illo inventore veritatis et quasi architecto beatae vitae dicta sunt explicabo. Nemo enim ipsam voluptatem quia voluptas sit aspernatur aut odit aut fugit, sed quia consequuntur magni dolores eos qui ratione voluptatem sequi nesciunt. Neque porro quisquam est, qui dolorem ipsum quia dolor sit amet, consectetur, adipisci velit, sed quia non numquam eius modi tempora incidunt ut labore et dolore magnam aliquam quaerat voluptatem. Ut enim ad minima veniam, quis nostrum exercitationem ullam corporis suscipit laboriosam, nisi ut aliquid ex ea commodi consequatur? Quis autem vel eum iure reprehenderit qui in ea voluptate velit esse quam nihil molestiae consequatur, vel illum qui dolorem eum fugiat quo voluptas nulla pariatur?\"</p><h3 style=\"margin: 15px 0px; padding: 0px; font-weight: 700; font-size: 14px; font-family: &quot;Open Sans&quot;, Arial, sans-serif;\">1914 translation by H. Rackham</h3><p style=\"margin-right: 0px; margin-bottom: 15px; margin-left: 0px; padding: 0px; text-align: justify; font-family: &quot;Open Sans&quot;, Arial, sans-serif; font-size: 14px;\">\"But I must explain to you how all this mistaken idea of denouncing pleasure and praising pain was born and I will give you a complete account of the system, and expound the actual teachings of the great explorer of the truth, the master-builder of human happiness. No one rejects, dislikes, or avoids pleasure itself, because it is pleasure, but because those who do not know how to pursue pleasure rationally encounter consequences that are extremely painful. Nor again is there anyone who loves or pursues or desires to obtain pain of itself, because it is pain, but because occasionally circumstances occur in which toil and pain can procure him some great pleasure. To take a trivial example, which of us ever undertakes laborious physical exercise, except to obtain some advantage from it? But who has any right to find fault with a man who chooses to enjoy a pleasure that has no annoying consequences, or one who avoids a pain that produces no resultant pleasure?\"</p><h3 style=\"margin: 15px 0px; padding: 0px; font-weight: 700; font-size: 14px; font-family: &quot;Open Sans&quot;, Arial, sans-serif;\">Section 1.10.33 of \"de Finibus Bonorum et Malorum\", written by Cicero in 45 BC</h3><p style=\"margin-right: 0px; margin-bottom: 15px; margin-left: 0px; padding: 0px; text-align: justify; font-family: &quot;Open Sans&quot;, Arial, sans-serif; font-size: 14px;\">\"At vero eos et accusamus et iusto odio dignissimos ducimus qui blanditiis praesentium voluptatum deleniti atque corrupti quos dolores et quas molestias excepturi sint occaecati cupiditate non provident, similique sunt in culpa qui officia deserunt mollitia animi, id est laborum et dolorum fuga. Et harum quidem rerum facilis est et expedita distinctio. Nam libero tempore, cum soluta nobis est eligendi optio cumque nihil impedit quo minus id quod maxime placeat facere possimus, omnis voluptas assumenda est, omnis dolor repellendus. Temporibus autem quibusdam et aut officiis debitis aut rerum necessitatibus saepe eveniet ut et voluptates repudiandae sint et molestiae non recusandae. Itaque earum rerum hic tenetur a sapiente delectus, ut aut reiciendis voluptatibus maiores alias consequatur aut perferendis doloribus asperiores repellat.\"</p><h3 style=\"margin: 15px 0px; padding: 0px; font-weight: 700; font-size: 14px; font-family: &quot;Open Sans&quot;, Arial, sans-serif;\">1914 translation by H. Rackham</h3>', '/storage/photos/1/Products/0a402-image4xxl-3-.jpg,/storage/photos/1/Products/2282b-wsd008t.jpg,/storage/photos/1/Products/21951-image4xxl.jpg', 5, 'XL', 'default', 'active', 4000.00, 50.00, 0, 2, NULL, 1, '2020-08-14 06:04:13', '2020-08-14 06:04:13'),
(5, 'Cotton High Quality Kurt', 'cotton-high-quality-kurt', '<p><span style=\"font-family: &quot;Open Sans&quot;, Arial, sans-serif; font-size: 14px; text-align: justify;\">At vero eos et accusamus et iusto odio dignissimos ducimus qui blanditiis praesentium voluptatum deleniti atque corrupti quos dolores et quas molestias excepturi sint occaecati cupiditate non provident,</span><br></p>', '<h3 style=\"margin: 15px 0px; padding: 0px; font-weight: 700; font-size: 14px; font-family: &quot;Open Sans&quot;, Arial, sans-serif;\">Section 1.10.33 of \"de Finibus Bonorum et Malorum\", written by Cicero in 45 BC</h3><p style=\"margin-right: 0px; margin-bottom: 15px; margin-left: 0px; padding: 0px; text-align: justify; font-family: &quot;Open Sans&quot;, Arial, sans-serif; font-size: 14px;\">\"At vero eos et accusamus et iusto odio dignissimos ducimus qui blanditiis praesentium voluptatum deleniti atque corrupti quos dolores et quas molestias excepturi sint occaecati cupiditate non provident, similique sunt in culpa qui officia deserunt mollitia animi, id est laborum et dolorum fuga. Et harum quidem rerum facilis est et expedita distinctio. Nam libero tempore, cum soluta nobis est eligendi optio cumque nihil impedit quo minus id quod maxime placeat facere possimus, omnis voluptas assumenda est, omnis dolor repellendus. Temporibus autem quibusdam et aut officiis debitis aut rerum necessitatibus saepe eveniet ut et voluptates repudiandae sint et molestiae non recusandae. Itaque earum rerum hic tenetur a sapiente delectus, ut aut reiciendis voluptatibus maiores alias consequatur aut perferendis doloribus asperiores repellat.\"</p><h3 style=\"margin: 15px 0px; padding: 0px; font-weight: 700; font-size: 14px; font-family: &quot;Open Sans&quot;, Arial, sans-serif;\">1914 translation by H. Rackham</h3><p style=\"margin-right: 0px; margin-bottom: 15px; margin-left: 0px; padding: 0px; text-align: justify; font-family: &quot;Open Sans&quot;, Arial, sans-serif; font-size: 14px;\">\"On the other hand, we denounce with righteous indignation and dislike men who are so beguiled and demoralized by the charms of pleasure of the moment, so blinded by desire, that they cannot foresee the pain and trouble that are bound to ensue; and equal blame belongs to those who fail in their duty through weakness of will, which is the same as saying through shrinking from toil and pain. These cases are perfectly simple and easy to distinguish. In a free hour, when our power of choice is untrammelled and when nothing prevents our being able to do what we like best, every pleasure is to be welcomed and every pain avoided. But in certain circumstances and owing to the claims of duty or the obligations of business it will frequently occur that pleasures have to be repudiated and annoyances accepted. The wise man therefore always holds in these matters to this principle of selection: he rejects pleasures to secure other greater pleasures, or else he endures pains to avoid worse pains.\"</p>', '/storage/photos/1/Products/0455e-c1.jpg,/storage/photos/1/Products/04ec4-pmtk001t.jpg,/storage/photos/1/Products/086c2-a1.jpg,/storage/photos/1/Products/09a16-mpd000t_6.jpg,/storage/photos/1/Products/0c2d2-wbk012c-royal-blue.jpg', 0, 'M,XL', 'new', 'active', 4000.00, 10.00, 0, 3, NULL, 3, '2020-08-14 06:10:52', '2020-08-14 09:37:36'),
(6, 'Ladies Cotton Kurti Sha', 'ladies-cotton-kurti-sha', '<p><span style=\"font-family: &quot;Open Sans&quot;, Arial, sans-serif; font-size: 14px; text-align: justify;\">\"But I must explain to you how all this mistaken idea of denouncing pleasure and praising pain was born and I will give you a complete account of the system,</span><br></p>', '<h3 style=\"margin: 15px 0px; padding: 0px; font-weight: 700; font-size: 14px; font-family: &quot;Open Sans&quot;, Arial, sans-serif;\">Section 1.10.33 of \"de Finibus Bonorum et Malorum\", written by Cicero in 45 BC</h3><p style=\"margin-right: 0px; margin-bottom: 15px; margin-left: 0px; padding: 0px; text-align: justify; font-family: &quot;Open Sans&quot;, Arial, sans-serif; font-size: 14px;\">\"At vero eos et accusamus et iusto odio dignissimos ducimus qui blanditiis praesentium voluptatum deleniti atque corrupti quos dolores et quas molestias excepturi sint occaecati cupiditate non provident, similique sunt in culpa qui officia deserunt mollitia animi, id est laborum et dolorum fuga. Et harum quidem rerum facilis est et expedita distinctio. Nam libero tempore, cum soluta nobis est eligendi optio cumque nihil impedit quo minus id quod maxime placeat facere possimus, omnis voluptas assumenda est, omnis dolor repellendus. Temporibus autem quibusdam et aut officiis debitis aut rerum necessitatibus saepe eveniet ut et voluptates repudiandae sint et molestiae non recusandae. Itaque earum rerum hic tenetur a sapiente delectus, ut aut reiciendis voluptatibus maiores alias consequatur aut perferendis doloribus asperiores repellat.\"</p><h3 style=\"margin: 15px 0px; padding: 0px; font-weight: 700; font-size: 14px; font-family: &quot;Open Sans&quot;, Arial, sans-serif;\">1914 translation by H. Rackham</h3><p style=\"margin-right: 0px; margin-bottom: 15px; margin-left: 0px; padding: 0px; text-align: justify; font-family: &quot;Open Sans&quot;, Arial, sans-serif; font-size: 14px;\">\"On the other hand, we denounce with righteous indignation and dislike men who are so beguiled and demoralized by the charms of pleasure of the moment, so blinded by desire, that they cannot foresee the pain and trouble that are bound to ensue; and equal blame belongs to those who fail in their duty through weakness of will, which is the same as saying through shrinking from toil and pain. These cases are perfectly simple and easy to distinguish. In a free hour, when our power of choice is untrammelled and when nothing prevents our being able to do what we like best, every pleasure is to be welcomed and every pain avoided. But in certain circumstances and owing to the claims of duty or the obligations of business it will frequently occur that pleasures have to be repudiated and annoyances accepted. The wise man therefore always holds in these matters to this principle of selection: he rejects pleasures to secure other greater pleasures, or else he endures pains to avoid worse pains.\"</p>', '/storage/photos/1/Products/6a8b5-wsd013t.jpg,/storage/photos/1/Products/5ded8-image1xxl-5-.jpg,/storage/photos/1/Products/74840-image4xxl-6-.jpg', 6, 'M,L', 'hot', 'active', 6000.00, 3.00, 1, 3, NULL, 4, '2020-08-14 06:13:20', '2020-08-14 06:31:42'),
(7, 'GRAY BABY ROMPERS', 'gray-baby-rompers', '<p><span style=\"font-family: &quot;Open Sans&quot;, Arial, sans-serif; font-size: 14px; text-align: justify;\">\"But I must explain to you how all this mistaken idea of denouncing pleasure and praising pain was born and I will give you a complete account of the system,</span><br></p>', '<h3 style=\"margin: 15px 0px; padding: 0px; font-weight: 700; font-size: 14px; font-family: &quot;Open Sans&quot;, Arial, sans-serif;\">1914 translation by H. Rackham</h3><p style=\"margin-right: 0px; margin-bottom: 15px; margin-left: 0px; padding: 0px; text-align: justify; font-family: &quot;Open Sans&quot;, Arial, sans-serif; font-size: 14px;\">\"But I must explain to you how all this mistaken idea of denouncing pleasure and praising pain was born and I will give you a complete account of the system, and expound the actual teachings of the great explorer of the truth, the master-builder of human happiness. No one rejects, dislikes, or avoids pleasure itself, because it is pleasure, but because those who do not know how to pursue pleasure rationally encounter consequences that are extremely painful. Nor again is there anyone who loves or pursues or desires to obtain pain of itself, because it is pain, but because occasionally circumstances occur in which toil and pain can procure him some great pleasure. To take a trivial example, which of us ever undertakes laborious physical exercise, except to obtain some advantage from it? But who has any right to find fault with a man who chooses to enjoy a pleasure that has no annoying consequences, or one who avoids a pain that produces no resultant pleasure?\"</p><h3 style=\"margin: 15px 0px; padding: 0px; font-weight: 700; font-size: 14px; font-family: &quot;Open Sans&quot;, Arial, sans-serif;\">Section 1.10.33 of \"de Finibus Bonorum et Malorum\", written by Cicero in 45 BC</h3><p style=\"margin-right: 0px; margin-bottom: 15px; margin-left: 0px; padding: 0px; text-align: justify; font-family: &quot;Open Sans&quot;, Arial, sans-serif; font-size: 14px;\">\"At vero eos et accusamus et iusto odio dignissimos ducimus qui blanditiis praesentium voluptatum deleniti atque corrupti quos dolores et quas molestias excepturi sint occaecati cupiditate non provident, similique sunt in culpa qui officia deserunt mollitia animi, id est laborum et dolorum fuga. Et harum quidem rerum facilis est et expedita distinctio. Nam libero tempore, cum soluta nobis est eligendi optio cumque nihil impedit quo minus id quod maxime placeat facere possimus, omnis voluptas assumenda est, omnis dolor repellendus. Temporibus autem quibusdam et aut officiis debitis aut rerum necessitatibus saepe eveniet ut et voluptates repudiandae sint et molestiae non recusandae. Itaque earum rerum hic tenetur a sapiente delectus, ut aut reiciendis voluptatibus maiores alias consequatur aut perferendis doloribus asperiores repellat.\"</p><h3 style=\"margin: 15px 0px; padding: 0px; font-weight: 700; font-size: 14px; font-family: &quot;Open Sans&quot;, Arial, sans-serif;\">1914 translation by H. Rackham</h3><p style=\"margin-right: 0px; margin-bottom: 15px; margin-left: 0px; padding: 0px; text-align: justify; font-family: &quot;Open Sans&quot;, Arial, sans-serif; font-size: 14px;\">\"On the other hand, we denounce with righteous indignation and dislike men who are so beguiled and demoralized by the charms of pleasure of the moment, so blinded by desire, that they cannot foresee the pain and trouble that are bound to ensue; and equal blame belongs to those who fail in their du</p>', '/storage/photos/1/Products/08ec9-n3.jpg,/storage/photos/1/Products/07e30-mtk006b.jpg,/storage/photos/1/Products/18b18-wbk003b.jpg', 0, 'L', 'hot', 'active', 1999.00, 3.00, 0, 3, NULL, 1, '2020-08-14 06:23:33', '2020-08-14 22:15:19'),
(8, 'Baby Girls\' 2-Piece Yell', 'baby-girls-2-piece-yell', '<p><span style=\"font-family: &quot;Open Sans&quot;, Arial, sans-serif; font-size: 14px; text-align: justify;\">\"Sed ut perspiciatis unde omnis iste natus error sit voluptatem accusantium doloremque laudantium, totam rem aperiam, eaque ipsa quae ab illo inventore veritatis et quasi architecto beatae vitae dicta sunt explicabo. Nemo enim ipsam voluptatem quia voluptas sit aspernatur aut odit aut fugit,</span><br></p>', '<h3 style=\"margin: 15px 0px; padding: 0px; font-weight: 700; font-size: 14px; font-family: &quot;Open Sans&quot;, Arial, sans-serif;\">1914 translation by H. Rackham</h3><p style=\"margin-right: 0px; margin-bottom: 15px; margin-left: 0px; padding: 0px; text-align: justify; font-family: &quot;Open Sans&quot;, Arial, sans-serif; font-size: 14px;\">\"But I must explain to you how all this mistaken idea of denouncing pleasure and praising pain was born and I will give you a complete account of the system, and expound the actual teachings of the great explorer of the truth, the master-builder of human happiness. No one rejects, dislikes, or avoids pleasure itself, because it is pleasure, but because those who do not know how to pursue pleasure rationally encounter consequences that are extremely painful. Nor again is there anyone who loves or pursues or desires to obtain pain of itself, because it is pain, but because occasionally circumstances occur in which toil and pain can procure him some great pleasure. To take a trivial example, which of us ever undertakes laborious physical exercise, except to obtain some advantage from it? But who has any right to find fault with a man who chooses to enjoy a pleasure that has no annoying consequences, or one who avoids a pain that produces no resultant pleasure?\"</p><h3 style=\"margin: 15px 0px; padding: 0px; font-weight: 700; font-size: 14px; font-family: &quot;Open Sans&quot;, Arial, sans-serif;\">Section 1.10.33 of \"de Finibus Bonorum et Malorum\", written by Cicero in 45 BC</h3><p style=\"margin-right: 0px; margin-bottom: 15px; margin-left: 0px; padding: 0px; text-align: justify; font-family: &quot;Open Sans&quot;, Arial, sans-serif; font-size: 14px;\">\"At vero eos et accusamus et iusto odio dignissimos ducimus qui blanditiis praesentium voluptatum deleniti atque corrupti quos dolores et quas molestias excepturi sint occaecati cupiditate non provident, similique sunt in culpa qui officia deserunt mollitia animi, id est laborum et dolorum fuga. Et harum quidem rerum facilis est et expedita distinctio. Nam libero tempore, cum soluta nobis est eligendi optio cumque nihil impedit quo minus id quod maxime placeat facere possimus, omnis voluptas assumenda est, omnis dolor repellendus. Temporibus autem quibusdam et aut officiis debitis aut rerum necessitatibus saepe eveniet ut et voluptates repudiandae sint et molestiae non recusandae. Itaque earum rerum hic tenetur a sapiente delectus, ut aut reiciendis voluptatibus maiores alias consequatur aut perferendis doloribus asperiores repellat.\"</p><h3 style=\"margin: 15px 0px; padding: 0px; font-weight: 700; font-size: 14px; font-family: &quot;Open Sans&quot;, Arial, sans-serif;\">1914 translation by H. Rackham</h3><p style=\"margin-right: 0px; margin-bottom: 15px; margin-left: 0px; padding: 0px; text-align: justify; font-family: &quot;Open Sans&quot;, Arial, sans-serif; font-size: 14px;\">\"On the other hand, we denounce with righteous indignation and dislike men who are so beguiled and demoralized by the charms of pleasure of the moment, so blinded by desire, that they cannot foresee the pain and trouble that are bound to ensue; and equal blame belongs to those who fail in their du</p>', '/storage/photos/1/Products/calvin-klein.jpg,/storage/photos/1/Products/calvin.jpg,/storage/photos/1/Products/d3fdb-image2xxl-4-.jpg', 1, 'S', 'new', 'active', 200.00, 0.00, 0, 3, NULL, 2, '2020-08-14 06:25:42', '2020-08-14 09:37:36'),
(9, 'Lorem Ipsum is simply', 'lorem-ipsum-is-simply', '<p><strong style=\"margin: 0px; padding: 0px; font-family: &quot;Open Sans&quot;, Arial, sans-serif; font-size: 14px; text-align: justify;\">Lorem Ipsum</strong><span style=\"font-family: &quot;Open Sans&quot;, Arial, sans-serif; font-size: 14px; text-align: justify;\">&nbsp;is simply dummy text of the printing and typesetting industry.</span><br></p>', '<p><strong style=\"margin: 0px; padding: 0px; font-family: &quot;Open Sans&quot;, Arial, sans-serif; font-size: 14px; text-align: justify;\">orem Ipsum</strong><span style=\"font-family: &quot;Open Sans&quot;, Arial, sans-serif; font-size: 14px; text-align: justify;\">&nbsp;is simply dummy text of the printing and typesetting industry. Lorem Ipsum has been the industry\'s standard dummy text ever since the 1500s, when an unknown printer took a galley of type and scrambled it to make a type specimen book. It has survived not only five centuries, but also the leap into electronic typesetting, remaining essentially unchanged. It was popularised in the 1960s with the release of Letraset sheets containing Lorem Ipsum passages, and more recently with desktop publishing software like Aldus PageMaker including versions of Lorem Ipsum</span></p><p><strong style=\"margin: 0px; padding: 0px; font-family: &quot;Open Sans&quot;, Arial, sans-serif; font-size: 14px; text-align: justify;\">orem Ipsum</strong><span style=\"font-family: &quot;Open Sans&quot;, Arial, sans-serif; font-size: 14px; text-align: justify;\">&nbsp;is simply dummy text of the printing and typesetting industry. Lorem Ipsum has been the industry\'s standard dummy text ever since the 1500s, when an unknown printer took a galley of type and scrambled it to make a type specimen book. It has survived not only five centuries, but also the leap into electronic typesetting, remaining essentially unchanged. It was popularised in the 1960s with the release of Letraset sheets containing Lorem Ipsum passages, and more recently with desktop publishing software like Aldus PageMaker including versions of Lorem Ipsum</span></p><p><strong style=\"margin: 0px; padding: 0px; font-family: &quot;Open Sans&quot;, Arial, sans-serif; font-size: 14px; text-align: justify;\">orem Ipsum</strong><span style=\"font-family: &quot;Open Sans&quot;, Arial, sans-serif; font-size: 14px; text-align: justify;\">&nbsp;is simply dummy text of the printing and typesetting industry. Lorem Ipsum has been the industry\'s standard dummy text ever since the 1500s, when an unknown printer took a galley of type and scrambled it to make a type specimen book. It has survived not only five centuries, but also the leap into electronic typesetting, remaining essentially unchanged. It was popularised in the 1960s with the release of Letraset sheets containing Lorem Ipsum passages, and more recently with desktop publishing software like Aldus PageMaker including versions of Lorem Ipsum</span><span style=\"font-family: &quot;Open Sans&quot;, Arial, sans-serif; font-size: 14px; text-align: justify;\"><br></span><span style=\"font-family: &quot;Open Sans&quot;, Arial, sans-serif; font-size: 14px; text-align: justify;\"><br></span><br></p>', '/storage/photos/1/Products/0455e-c1.jpg,/storage/photos/1/Products/04776-pms000a.jpg,/storage/photos/1/Products/04ec4-pmtk001t.jpg,/storage/photos/1/Products/032f0-image3xxl-1-.jpg', 4, 'S,M,XL', 'new', 'active', 200.00, 5.00, 0, 2, NULL, 3, '2020-08-15 06:52:44', '2020-08-15 06:53:14'),
(10, 'Lorem Ipsum is simply', 'lorem-ipsum-is-simply-2008183507-655', '<p><strong style=\"margin: 0px; padding: 0px; font-family: &quot;Open Sans&quot;, Arial, sans-serif; font-size: 14px; text-align: justify;\">Lorem Ipsum</strong><span style=\"font-family: &quot;Open Sans&quot;, Arial, sans-serif; font-size: 14px; text-align: justify;\">&nbsp;is simply dummy text of the printing and typesetting industry.&nbsp;</span><br></p>', '<p><strong style=\"margin: 0px; padding: 0px; font-family: &quot;Open Sans&quot;, Arial, sans-serif; font-size: 14px; text-align: justify;\">Lorem Ipsum</strong><span style=\"font-family: &quot;Open Sans&quot;, Arial, sans-serif; font-size: 14px; text-align: justify;\">&nbsp;is simply dummy text of the printing and typesetting industry. Lorem Ipsum has been the industry\'s standard dummy text ever since the 1500s, when an unknown printer took a galley of type and scrambled it to make a type specimen book. It has survived not only five centuries, but also the leap into electronic typesetting, remaining essentially unchanged. It was popularised in the 1960s with the release of Letraset sheets containing Lorem Ipsum passages, and more recently with desktop publishing software like Aldus PageMaker including versions of Lorem Ipsum.</span></p><p><strong style=\"margin: 0px; padding: 0px; font-family: &quot;Open Sans&quot;, Arial, sans-serif; font-size: 14px; text-align: justify;\">Lorem Ipsum</strong><span style=\"font-family: &quot;Open Sans&quot;, Arial, sans-serif; font-size: 14px; text-align: justify;\">&nbsp;is simply dummy text of the printing and typesetting industry. Lorem Ipsum has been the industry\'s standard dummy text ever since the 1500s, when an unknown printer took a galley of type and scrambled it to make a type specimen book. It has survived not only five centuries, but also the leap into electronic typesetting, remaining essentially unchanged. It was popularised in the 1960s with the release of Letraset sheets containing Lorem Ipsum passages, and more recently with desktop publishing software like Aldus PageMaker including versions of Lorem Ipsum.</span></p><p><strong style=\"margin: 0px; padding: 0px; font-family: &quot;Open Sans&quot;, Arial, sans-serif; font-size: 14px; text-align: justify;\">Lorem Ipsum</strong><span style=\"font-family: &quot;Open Sans&quot;, Arial, sans-serif; font-size: 14px; text-align: justify;\">&nbsp;is simply dummy text of the printing and typesetting industry. Lorem Ipsum has been the industry\'s standard dummy text ever since the 1500s, when an unknown printer took a galley of type and scrambled it to make a type specimen book. It has survived not only five centuries, but also the leap into electronic typesetting, remaining essentially unchanged. It was popularised in the 1960s with the release of Letraset sheets containing Lorem Ipsum passages, and more recently with desktop publishing software like Aldus PageMaker including versions of Lorem Ipsum.</span><span style=\"font-family: &quot;Open Sans&quot;, Arial, sans-serif; font-size: 14px; text-align: justify;\"><br></span><span style=\"font-family: &quot;Open Sans&quot;, Arial, sans-serif; font-size: 14px; text-align: justify;\"><br></span><br></p>', '/storage/photos/1/Products/01f42-pwt004b.jpg,/storage/photos/1/Products/02090-pms003a.jpg,/storage/photos/1/Products/032f0-image3xxl-1-.jpg', 3, 'L,XL', 'hot', 'active', 300.00, 10.00, 0, 1, 4, 3, '2020-08-17 20:50:07', '2020-08-17 20:50:07');

INSERT INTO `settings` (`id`, `description`, `short_des`, `logo`, `photo`, `address`, `phone`, `email`, `created_at`, `updated_at`) VALUES
(1, 'Excepteur sint occaecat cupidatat non proident, sunt in culpa qui officia deserunt mollit anim id est laborum. sed ut perspiciatis unde sunt in culpa qui officia deserunt mollit anim id est laborum. sed ut perspiciatis unde omnis iste natus error sit voluptatem Excepteu\r\n\r\n                            sunt in culpa qui officia deserunt mollit anim id est laborum. sed ut perspiciatis Excepteur sint occaecat cupidatat non proident, sunt in culpa qui officia deserunt mollit anim id est laborum. sed ut perspi deserunt mollit anim id est laborum. sed ut perspi.', 'Praesent dapibus, neque id cursus ucibus, tortor neque egestas augue, magna eros eu erat. Aliquam erat volutpat. Nam dui mi, tincidunt quis, accumsan porttitor, facilisis luctus, metus.', '/storage/photos/1/logo.png', '/storage/photos/1/blog3.jpg', 'NO. 342 - London Oxford Street, 012 United Kingdom', '+060 (800) 801-582', 'eshop@gmail.com', NULL, '2020-08-14 01:49:09');


INSERT INTO `shippings` (`id`, `type`, `price`, `status`, `created_at`, `updated_at`) VALUES
(1, 'Kahtmandu', '100.00', 'active', '2020-08-14 04:22:17', '2020-08-14 04:22:17'),
(2, 'Out of valley', '300.00', 'active', '2020-08-14 04:22:41', '2020-08-14 04:22:41'),
(3, 'Pokhara', '400.00', 'active', '2020-08-15 06:54:04', '2020-08-15 06:54:04'),
(4, 'Dharan', '400.00', 'active', '2020-08-17 20:50:48', '2020-08-17 20:50:48');


